,country,average,std_deviation
35,China,1052477588.5066667,290557962.2752598
78,India,848877032.1866666,351325057.4910951
189,United States,249833244.96,56886305.419806406
79,Indonesia,173229817.29333332,67785393.27066265
23,Brazil,137931263.09333333,51136250.26979213
146,Russia,136606631.6,12856963.964658193
134,Pakistan,120214606.28,68338195.26764415
86,Japan,115768056.37333333,13250980.809259936
129,Nigeria,105362994.25333333,58492475.94400437
13,Bangladesh,105206981.8,42508326.06697145
65,Germany,78665631.05333333,4105347.454996434
113,Mexico,78155748.05333333,32653497.629779115
141,Philippines,62584501.8,30360910.877397187
195,Vietnam,61825771.46666667,23852113.557668008
52,Egypt,59011614.85333333,28891131.27224756
188,United Kingdom,58106325.586666666,4965464.315606553
61,France,55650207.29333334,7195727.405730457
84,Italy,55549442.653333336,4126357.8472744804
58,Ethiopia,55153895.42666667,33841357.209442064
182,Turkey,53173718.88,20343769.96042507
80,Iran,51430687.53333333,24312471.58076311
177,Thailand,49928032.96,17178053.961740028
186,Ukraine,46677975.24,4131973.8664978524
45,Democratic Republic of Congo,42267113.61333334,27488665.81115704
165,South Korea,39560281.25333333,10042149.700019231
167,Spain,38582526.68,6282740.961136649
121,Myanmar,36909005.49333333,11664834.55968522
164,South Africa,36486152.54666667,15967211.14360029
142,Poland,35006334.44,4146941.2458319636
6,Argentina,31472254.72,9052188.039405547
36,Colombia,31122162.426666666,12594659.062107176
176,Tanzania,28062529.906666666,17358617.1058562
30,Canada,26770584.746666666,7301401.7966682045
2,Algeria,24438673.413333334,11580235.134665517
89,Kenya,24436470.613333333,15570014.986651327
119,Morocco,22853125.14666667,9050720.198004832
169,Sudan,22678631.026666667,12919163.097556528
140,Peru,20558044.01333333,8274548.937022595
145,Romania,20439780.093333334,1845137.9258655903
185,Uganda,20103809.093333334,12504551.729557171
81,Iraq,19692390.733333334,11996696.66788292
130,North Korea,19390113.48,5457555.085701042
191,Uzbekistan,19309475.253333334,8984156.36113191
124,Nepal,18905095.946666665,7218068.38367669
194,Venezuela,18535821.01333333,8325191.364856918
174,Taiwan,18250811.24,5132765.873806175
106,Malaysia,18171335.933333334,9289994.879379692
0,Afghanistan,18109632.72,10261824.906515934
8,Australia,16675827.6,5336842.31156202
66,Ghana,16226788.613333333,8699232.500193253
196,Yemen,15933776.386666667,10598001.303974845
168,Sri Lanka,15872743.32,4736148.132705006
120,Mozambique,15134667.173333334,8174637.668603641
125,Netherlands,14535565.093333334,2280475.254396045
88,Kazakhstan,14531563.013333334,3635558.7414415535
4,Angola,13988281.466666667,9681116.315729111
104,Madagascar,13520140.493333334,8259616.473733872
40,Cote d'Ivoire,13173814.026666667,8854358.768235756
34,Chile,13016075.36,3981528.87777755
154,Saudi Arabia,12737390.706666667,10539682.403864527
29,Cameroon,12461977.226666667,7210418.451658972
173,Syria,12391025.093333334,6657587.489376685
108,Mali,10574343.64,5534512.435375832
26,Burkina Faso,10327018.04,5739578.542144438
76,Hungary,10132250.773333333,329805.2708055522
51,Ecuador,10100530.306666667,4587558.257686739
44,Czechia,10088734.986666666,442899.17078676936
16,Belgium,10059071.173333334,830563.4623930192
128,Niger,9979077.186666667,6862962.713648642
67,Greece,9745755.906666666,1099424.8317396888
42,Cuba,9715524.573333334,1698163.818652133
143,Portugal,9694412.32,722596.1502098987
28,Cambodia,9376039.026666667,4380246.355859411
105,Malawi,9376029.146666666,5477010.4364684075
69,Guatemala,9317203.853333334,4711391.724961772
15,Belarus,9241449.146666666,829489.8538931101
198,Zimbabwe,9056600.133333333,4270817.989323924
197,Zambia,8608188.706666667,5390310.015149083
171,Sweden,8576976.96,933114.005941591
155,Senegal,8200399.413333333,4575864.973361235
25,Bulgaria,8005796.76,671652.5520927054
9,Austria,7806084.093333334,615781.5198934618
181,Tunisia,7771474.96,2839546.6075982614
163,Somalia,7613942.826666667,4640455.188689552
33,Chad,7497828.786666667,4915245.471208403
156,Serbia,7292139.986666666,524630.6450079387
20,Bolivia,7058746.733333333,2877734.2082912903
70,Guinea,7014408.666666667,3388657.207226777
73,Haiti,6879563.52,2638123.0200970042
147,Rwanda,6862074.733333333,3453643.447717823
10,Azerbaijan,6859551.413333333,2215507.3377386467
49,Dominican Republic,6773182.36,2825838.886988226
172,Switzerland,6735757.0,1125546.6591845674
18,Benin,6075039.506666667,3634115.0350706796
27,Burundi,6040999.266666667,3309235.397319608
166,South Sudan,5764731.213333333,2950960.018394986
75,Hong Kong,5256694.173333333,1774247.46330452
74,Honduras,5200377.24,2856900.088945311
175,Tajikistan,5147441.506666667,2615786.831656882
46,Denmark,5145079.573333333,435236.1670885712
60,Finland,4920490.68,431250.63802115474
160,Slovakia,4908907.1866666665,596526.4095451739
83,Israel,4757531.093333334,2422298.5098016406
53,El Salvador,4741413.0,1386231.0581575283
138,Papua New Guinea,4658565.1466666665,2725629.1663160045
64,Georgia,4425994.44,622273.5356730894
41,Croatia,4364258.96,272486.34322056326
94,Laos,4284349.8533333335,1884777.3991138216
132,Norway,4281814.653333333,617701.4928428923
158,Sierra Leone,4241128.213333333,1916617.0045310925
178,Togo,4224972.026666666,2406584.7800008985
87,Jordan,4224762.173333333,3375118.8345852373
93,Kyrgyzstan,4169998.8133333335,1514892.688462638
99,Libya,4038094.2533333334,2039396.1836791837
127,Nicaragua,3919638.76,1728633.620187428
139,Paraguay,3912134.7466666666,1722026.5546613503
21,Bosnia and Herzegovina,3735792.3333333335,467275.8989148538
183,Turkmenistan,3722209.0,1833575.058890735
82,Ireland,3661518.8,734096.4918398451
115,Moldova,3657304.946666667,566106.589094456
96,Lebanon,3563422.546666667,1496752.0602582644
126,New Zealand,3454761.7333333334,907392.5735381115
159,Singapore,3231287.12,1493809.344046604
101,Lithuania,3152523.1066666665,366944.06035339646
32,Central African Republic,3076655.1333333333,1217883.361000877
187,United Arab Emirates,3056790.6533333333,3399388.373986743
39,Costa Rica,2997408.066666667,1374559.4949132411
190,Uruguay,2989553.3866666667,346465.8091881933
7,Armenia,2731917.8933333335,596115.5684768928
38,Congo,2694463.2266666666,1619755.5544577702
1,Albania,2581192.64,636496.4131249359
98,Liberia,2544240.6,1382343.7970268643
136,Palestine,2446735.16,1445008.8197287093
137,Panama,2435480.3333333335,1111975.4159939422
95,Latvia,2261709.026666667,244544.2712342957
85,Jamaica,2257393.84,458102.3813584671
111,Mauritania,2152477.8666666667,1284815.0229136187
117,Mongolia,1981267.96,800433.6365327646
55,Eritrea,1942175.48,831393.3804004
161,Slovenia,1874206.08,193352.0000658203
133,Oman,1871643.6533333333,1406980.752227817
92,Kuwait,1824530.6666666667,1334281.8187865866
131,North Macedonia,1822089.7333333334,260830.6981500998
91,Kosovo,1555054.6533333333,401176.5162648379
97,Lesotho,1522734.96,567300.7523240598
122,Namibia,1399063.1466666667,743312.3450235784
56,Estonia,1362121.5866666667,116146.25800025578
22,Botswana,1273755.32,680690.9421466675
180,Trinidad and Tobago,1159185.1733333333,244898.38627719096
63,Gambia,1153834.1066666667,740438.1159979976
62,Gabon,1109305.8533333333,618119.1075657973
71,Guinea-Bissau,1064849.9333333333,499651.41724380077
112,Mauritius,1009115.6666666666,249132.26874690875
43,Cyprus,839177.3333333334,257858.3106887953
50,East Timor,784272.0,290509.0365744798
144,Qatar,780581.5466666666,940637.8899389168
57,Eswatini,758797.9866666667,333402.09779627854
72,Guyana,707872.52,105109.1609124173
59,Fiji,686666.8666666667,205416.7362702
54,Equatorial Guinea,669754.8,505658.40326658083
12,Bahrain,619701.7066666667,472595.11047766806
118,Montenegro,571995.6266666667,71150.35821580324
47,Djibouti,514193.50666666665,374175.0832464979
19,Bhutan,488012.44,200978.57984347083
37,Comoros,436208.06666666665,211917.354750354
170,Suriname,419929.61333333334,121547.41187266416
102,Luxembourg,414785.9866666667,104691.49192727784
109,Malta,378108.08,61344.14804460029
103,Macao,373269.0933333333,169636.3252732766
31,Cape Verde,367093.05333333334,115731.3137126066
162,Solomon Islands,351294.49333333335,205887.12066680993
11,Bahamas,256198.48,102249.62084028822
14,Barbados,255532.56,18732.396945687724
77,Iceland,252112.81333333332,66064.38527672616
24,Brunei,244720.78666666665,131602.7989616804
107,Maldives,234608.96,135542.06316973778
17,Belize,201416.76,105127.36735436943
151,Samoa,161664.78666666665,35621.018865761755
192,Vanuatu,153726.58666666667,80839.88836267038
149,Saint Lucia,133934.4,31791.390727339665
153,Sao Tome and Principe,124698.28,52623.73224705494
68,Grenada,101359.48,10157.53703302613
150,Saint Vincent and the Grenadines,100333.49333333333,13953.075865851166
179,Tonga,91481.52,17241.71487470259
114,Micronesia (country),83408.29333333333,28816.72389184341
90,Kiribati,77345.62666666666,27872.226453592837
157,Seychelles,73753.89333333333,25256.964286339746
5,Antigua and Barbuda,69410.96,13357.109311038335
48,Dominica,66693.32,6094.9607301131655
148,Saint Kitts and Nevis,46353.92,3992.8056577475113
3,Andorra,45678.84,27573.31930779698
110,Marshall Islands,34982.17333333333,14438.748862446248
116,Monaco,28913.18666666667,5685.225505269405
100,Liechtenstein,27398.346666666668,8169.4684690858185
152,San Marino,23562.533333333333,6816.893348727697
135,Palau,14378.626666666667,3881.0377714038113
123,Nauru,8264.626666666667,2557.463892500037
184,Tuvalu,8032.96,2089.1058635668014
193,Vatican,735.6133333333333,121.15088797717355
